{
    "comments": [
        "AntGen v0.1.10-16-gff7f2dd (2025-05-04) - Copyright 2024-present Bernd Fix   \u003eY\u003c",
        "\u003e\u003e\u003e\u003e\u003e Source: freq:Zr:Zi",
        "Source: 435000000:50.000000:0.000000",
        "\u003e\u003e\u003e\u003e\u003e Wire: dia:material:conductivity:inductance",
        "Wire: 0.002:CuL:5.960e+07:2.274e-07",
        "\u003e\u003e\u003e\u003e\u003e Ground: height:mode:type:nradl:epse:sig",
        "Ground: 0.000:0:-1:0:0.000000:0.000000",
        "\u003e\u003e\u003e\u003e\u003e Param: k:param:tag",
        "Param: 0.685000:120.000000:120-685",
        "\u003e\u003e\u003e\u003e\u003e Mode: model:generator:seed:optimizer",
        "Mode: bend2d:v[ang=120]:1000:Gmax=matched",
        "\u003e\u003e\u003e\u003e\u003e Init: Gmax:Gmean:SD:Zr:Zi",
        "Init: 5.507032:-0.987991:3.105133:89.416678:95.265461",
        "\u003e\u003e\u003e\u003e\u003e Result: Gmax:Gmean:SD:Zr:Zi",
        "Result: 6.724663:-2.406796:4.538027:49.497220:0.970821",
        "\u003e\u003e\u003e\u003e\u003e Stats: Mthds:Steps:Sims:Elapsed",
        "Stats: 1:380:4855:71"
    ],
    "segL": 0.008069862804990668,
    "num": 58,
    "wire": {
        "dia": 0.002,
        "material": "CuL",
        "G": 59600000,
        "L": 2.2740003371062226e-7
    },
    "height": 0,
    "bends": [
        0.0653375282470418,
        0.12157801722529436,
        0.12889833365075282,
        0.23093717664082092,
        0.07295445422182484,
        0.08965100025696529,
        0.02448358950572966,
        0.05817764173314422,
        0.04148348986724889,
        -0.028477528163589214,
        -0.004335679127068212,
        0.10677678691337417,
        -0.031697315382532745,
        0.15063255713037998,
        -0.00927864149726175,
        -0.07032884841848128,
        -0.12564681741742745,
        0.02618982185350946,
        -0.04022463707109249,
        0.021592323508502986,
        0.07341773230102186,
        -0.06354524293085476,
        -0.03683151582463214,
        -0.036238948350898234,
        0.017220313826570827,
        0.07842491782690553,
        -0.016578211376717708,
        -0.012237645424447968,
        0.12107234090383773,
        -0.005885933846131078,
        0.012040447446256056,
        -0.04885642637428217,
        -0.02698328635285853,
        -0.05123133809573411,
        -0.24114708830453865,
        -0.24272253440520059,
        -0.27396672324000704,
        -0.2674714388930427,
        -0.2673732985257795,
        -0.22639161995619422,
        -0.2803278131059612,
        0.09366702382855727,
        0.28245519745574993,
        0.24418330026312843,
        0.05941665781637612,
        0.15949332618219703,
        0.279317419626556,
        0.14904010659985617,
        0.26023000324472256,
        0.28239285256015717,
        0.2851392756127521,
        0.2849155820275491,
        0.2828162108657113,
        0.2853299917409431,
        0.2842763492107748,
        0.28194583555124536,
        0.2803274983606979,
        0.28322537566980616
    ]
}